appointment_Date,ID_date
27/11/2024,1
24/09/2024,3
07/09/2024,5
30/05/2025,7
25/09/2024,9
16/07/2024,11
31/12/2024,13
11/06/2025,15
25/10/2024,17
18/04/2025,19
27/02/2025,21
28/12/2024,23
24/05/2025,25
19/01/2025,27
07/01/2025,29
04/04/2025,31
16/03/2025,33
28/02/2025,35
29/01/2025,37
02/12/2024,39
12/08/2024,41
25/07/2024,43
01/09/2024,45
27/09/2024,47
30/04/2025,49
15/05/2025,51
05/03/2025,53
01/01/2025,55
16/09/2024,57
21/10/2024,59
16/01/2025,61
13/05/2025,63
15/10/2024,65
05/05/2025,67
18/08/2024,69
17/11/2024,71
04/03/2025,73
24/11/2024,75
17/12/2024,77
17/09/2024,79
07/03/2025,81
27/08/2024,83
19/07/2024,85
26/07/2024,87
26/05/2025,89
25/04/2025,91
30/04/2025,93
22/06/2025,95
16/06/2025,97
27/12/2024,99
02/08/2024,101
17/09/2024,103
09/02/2025,105
11/11/2024,107
07/04/2025,109
14/04/2025,111
14/12/2024,113
11/01/2025,115
01/08/2024,117
26/03/2025,119
08/06/2025,121
05/11/2024,123
15/08/2024,125
15/07/2024,127
29/09/2024,129
23/12/2024,131
15/12/2024,133
11/07/2024,135
06/04/2025,137
20/11/2024,139
22/02/2025,141
06/07/2024,143
03/06/2025,145
16/06/2025,147
04/05/2025,149
25/09/2024,151
08/01/2025,153
29/09/2024,155
08/04/2025,157
10/03/2025,159
04/06/2025,161
17/04/2025,163
18/01/2025,165
13/07/2024,167
09/06/2025,169
20/01/2025,171
09/04/2025,173
04/12/2024,175
27/05/2025,177
04/11/2024,179
15/07/2024,181
16/08/2024,183
10/05/2025,185
20/01/2025,187
09/06/2025,189
08/07/2024,191
19/06/2025,193
11/02/2025,195
06/08/2024,197
30/08/2024,199
15/03/2025,201
15/05/2025,203
18/10/2024,205
02/09/2024,207
27/05/2025,209
24/11/2024,211
12/06/2025,213
11/12/2024,215
27/05/2025,217
02/05/2025,219
19/03/2025,221
28/03/2025,223
10/02/2025,225
12/08/2024,227
16/01/2025,229
28/08/2024,231
21/10/2024,233
18/08/2024,235
17/05/2025,237
03/05/2025,239
17/10/2024,241
02/10/2024,243
21/01/2025,245
29/10/2024,247
07/08/2024,249
26/12/2024,251
26/01/2025,253
19/06/2025,255
14/07/2024,257
04/05/2025,259
23/10/2024,261
09/02/2025,263
22/05/2025,265
11/01/2025,267
06/06/2025,269
05/02/2025,271
07/03/2025,273
24/08/2024,275
04/10/2024,277
16/07/2024,279
19/03/2025,281
16/06/2025,283
19/02/2025,285
26/11/2024,287
30/05/2025,289
01/06/2025,291
14/02/2025,293
09/10/2024,295
19/10/2024,297
21/08/2024,299
24/04/2025,301
09/01/2025,303
10/04/2025,305
26/10/2024,307
06/05/2025,309
26/11/2024,311
25/07/2024,313
21/03/2025,315
30/03/2025,317
26/05/2025,319
09/09/2024,321
05/03/2025,323
03/01/2025,325
01/08/2024,327
25/02/2025,329
10/03/2025,331
02/08/2024,333
30/07/2024,335
21/04/2025,337
04/12/2024,339
02/10/2024,341
18/02/2025,343
04/12/2024,345
15/03/2025,347
23/10/2024,349
11/11/2024,351
22/10/2024,353
25/05/2025,355
02/11/2024,357
18/10/2024,359
21/05/2025,361
19/09/2024,363
01/11/2024,365
04/02/2025,367
26/04/2025,369
12/05/2025,371
18/12/2024,373
13/12/2024,375
14/05/2025,377
18/12/2024,379
05/12/2024,381
01/05/2025,383
31/07/2024,385
16/02/2025,387
04/01/2025,389
19/07/2024,391
15/06/2025,393
21/07/2024,395
24/02/2025,397
21/08/2024,399
28/03/2025,401
21/04/2025,403
24/10/2024,405
16/09/2024,407
14/11/2024,409
30/01/2025,411
28/04/2025,413
23/05/2025,415
13/11/2024,417
19/08/2024,419
03/10/2024,421
21/05/2025,423
21/03/2025,425
19/03/2025,427
01/12/2024,429
29/08/2024,431
07/06/2025,433
18/01/2025,435
25/05/2025,437
24/04/2025,439
24/07/2024,441
05/06/2025,443
23/08/2024,445
29/04/2025,447
15/05/2025,449
30/03/2025,451
12/06/2025,453
06/08/2024,455
04/05/2025,457
02/03/2025,459
13/12/2024,461
02/11/2024,463
15/06/2025,465
17/09/2024,467
06/02/2025,469
15/09/2024,471
02/09/2024,473
31/05/2025,475
25/03/2025,477
26/05/2025,479
22/11/2024,481
19/06/2025,483
14/03/2025,485
22/11/2024,487
29/06/2025,489
28/11/2024,491
14/05/2025,493
14/04/2025,495
03/02/2025,497
14/08/2024,499
23/02/2025,501
03/12/2024,503
14/06/2025,505
20/07/2024,507
06/06/2025,509
03/12/2024,511
07/10/2024,513
26/11/2024,515
06/01/2025,517
30/12/2024,519
08/09/2024,521
16/06/2025,523
01/10/2024,525
26/01/2025,527
12/11/2024,529
23/12/2024,531
15/12/2024,533
12/10/2024,535
02/02/2025,537
18/02/2025,539
11/10/2024,541
13/07/2024,543
11/07/2024,545
19/11/2024,547
13/02/2025,549
21/12/2024,551
14/04/2025,553
16/09/2024,555
26/07/2024,557
16/12/2024,559
05/11/2024,561
20/01/2025,563
17/08/2024,565
03/11/2024,567
14/12/2024,569
20/04/2025,571
14/12/2024,573
15/08/2024,575
05/05/2025,577
11/02/2025,579
16/02/2025,581
14/05/2025,583
01/08/2024,585
06/12/2024,587
26/12/2024,589
03/06/2025,591
09/12/2024,593
13/12/2024,595
14/12/2024,597
28/11/2024,599
20/01/2025,601
27/11/2024,603
27/06/2025,605
03/12/2024,607
06/09/2024,609
08/01/2025,611
21/12/2024,613
07/12/2024,615
24/07/2024,617
24/06/2025,619
12/12/2024,621
04/03/2025,623
02/12/2024,625
02/12/2024,627
14/05/2025,629
02/02/2025,631
14/07/2024,633
30/07/2024,635
15/07/2024,637
15/06/2025,639
01/04/2025,641
28/03/2025,643
25/12/2024,645
27/11/2024,647
13/09/2024,649
07/04/2025,651
15/08/2024,653
20/09/2024,655
18/07/2024,657
14/05/2025,659
08/02/2025,661
04/06/2025,663
20/11/2024,665
12/07/2024,667
01/06/2025,669
20/03/2025,671
16/01/2025,673
17/08/2024,675
16/03/2025,677
05/08/2024,679
19/12/2024,681
08/03/2025,683
15/05/2025,685
22/02/2025,687
29/06/2025,689
23/07/2024,691
31/03/2025,693
11/09/2024,695
24/02/2025,697
05/08/2024,699
08/03/2025,701
02/06/2025,703
28/06/2025,705
12/11/2024,707
14/04/2025,709
24/11/2024,711
30/04/2025,713
25/01/2025,715
05/05/2025,717
13/01/2025,719
31/08/2024,721
24/01/2025,723
23/08/2024,725
28/04/2025,727
07/04/2025,729
12/01/2025,731
03/05/2025,733
22/02/2025,735
13/01/2025,737
03/04/2025,739
31/03/2025,741
14/05/2025,743
23/04/2025,745
23/04/2025,747
30/09/2024,749
03/10/2024,751
17/09/2024,753
20/05/2025,755
27/10/2024,757
09/04/2025,759
05/05/2025,761
08/12/2024,763
06/06/2025,765
24/11/2024,767
03/05/2025,769
26/04/2025,771
11/05/2025,773
09/03/2025,775
05/10/2024,777
27/03/2025,779
01/08/2024,781
15/04/2025,783
13/02/2025,785
20/03/2025,787
10/11/2024,789
08/06/2025,791
29/07/2024,793
14/12/2024,795
26/07/2024,797
03/10/2024,799
